id;title;size;mime_type;car_id
1;invoice infomediaries;82184;Avon 24/7;1
2;hub Palau viral;82808;parse;2
3;neural El Salvador Colon US Dollar;38462;generate Chicken;3
4;Implementation;91721;transmit hacking;4
5;Intelligent Cotton Car pricing structure Metal;54179;Down-sized fault-tolerant Rustic;5
6;program teal Distributed;64381;AGP Cambridgeshire payment;6
7;Berkshire Credit Card Account Operations;61861;Cheese;7
8;Executive;7555;Tools adapter bi-directional;8
9;Response Games Generic Fresh Cheese;72949;Uzbekistan turn-key;9
10;SSL Home Loan Account;14487;Guyana array microchip;10
